Location, Link, Title, Description, isPortal
"Alabama", "http://portal.gsa.state.al.us/", "The Alabama Data PortalMetadata PortalAdvanced Search", "yes" 
"Alabama", "http://gis.alabama.gov/", "GIS Alabama", "yes" 
"Alabama", "http://serc.carleton.edu/NAGTWorkshops/gis/state_resources.html", "State GIS Resources - SERC", "yes" 
"Alabama", "http://www.gisuser.com/content/view/15961/", "Free GIS Data resources for Alabama (Oct 2008) - GISuser", "yes" 
"Alabama", "http://al.water.usgs.gov/infodata/gisdata.html", "USGS Alabama Water Science Center - GIS Data", "yes" 
"Alabama", "http://guides.lib.purdue.edu/content.php?pid=218799&sid=3692757", "US State Data - Guides - Purdue University", "yes" 
"Alabama", "http://gis.stackexchange.com/questions/48916/decent-alabama-gis-clearinghouse", "Decent Alabama GIS Clearinghouse? - GIS StackExchange", "no" 
"Alaska", "http://www.aoos.org/aoos-data-resources/", "Welcome to the AOOS Data Resources Page | Alaska Ocean ...", "yes" 
"Alaska", "http://www.aoos.org/data-portal-updates/", "Data Portal and Cyber-infrastructure Updates | Alaska Ocean ...", "yes" 
"Alaska", "https://vertex.daac.asf.alaska.edu/", "Vertex: ASF's Data Portal", "yes" 
"Alaska", "https://portal.asf.alaska.edu/", "ASF Data Portal", "yes" 
"Alaska", "https://portal.asf.alaska.edu/api/", "API - ASF Data Portal", "yes" 
"Alaska", "http://www.alaskamapped.org/", "Alaska Mapped - Statewide Broad-scale Imagery and Elevation ...", "yes" 
"Alaska", "http://www.haulinggear.com/wx/aoosdataportal", "AOOS Data Portal - Hauling Gear - Commercial Fishing News ...", "yes" 
"Alaska", "https://earthdata.nasa.gov/data/data-centers/asf", "Alaska Satellite Facility SAR Data Center (ASF SDC) | EOSDIS ...", "yes" 
"Alaska", "http://www.dataone.org/sites/all/documents/DataONEMNDescription_GOA.pdf", "Member Node Description: Gulf of Alaska Data Portal - DataONE", "no" 
"Alaska", "http://www.gulfwatchalaska.org/monitoring/", "Monitoring | Gulf Watch Alaska", "yes" 
"Arizona", "https://arcgis2.geo.az.gov/portal/about-agic-data-portal", "About the AGIC Data Portal | AGIC Geodata Portal", "yes" 
"Arizona", "https://arcgis2.geo.az.gov/portal/welcome-agic-geodata-portal", "AGIC Geodata Portal - AZ.gov", "yes" 
"Arizona", "https://azgeo.az.gov/", "Welcome to the AZGEO Clearinghouse | AZGEO Clearinghouse", "yes" 
"Arizona", "http://en.wikipedia.org/wiki/Portal_Arizona", "Portal Arizona - Wikipedia the free encyclopedia", "yes" 
"Arizona", "http://sco.azland.gov/", "Arizona State Cartographer's Office", "yes" 
"Arizona", "http://www.wrcc.dri.edu/cgi-bin/cliMAIN.pl?azprtl", "PORTAL ARIZONA - Climate Summary", "yes" 
"Arizona", "http://maps.ngmdb.us/dataviewer/", "Data Portal - USGS National Geologic Map Database", "yes" 
"Arizona", "http://libguides.asu.edu/content.php?pid=117029&sid=1017670", "GIS Data Resources - Library Guides - Arizona State University", "yes" 
"Arizona", "http://www.city-data.com/forum/arizona/1947419-se-arizona-pearce-portal-chirachua-mtns.html", "SE Arizona Pearce Portal Chirachua Mtns. (Phoenix Tucson: for ...", "yes" 
"Arizona", "http://www.arizona-dreaming.com/portal.php", "About Portal AZ - Arizona-dreaming.com", "yes" 
"Arkansas", "http://www.library.arkansas.gov/libraryDivisions/travelerAccess/Pages/default.aspx", "Traveler Portal - Arkansas State Library - State of Arkansas", "yes" 
"Arkansas", "http://www.arkansas.gov/policies/acceptable-use", "Internet Policies - Arkansas.gov", "yes" 
"Arkansas", "http://www.arkansassiteselection.com/gis-data-download.aspx", "Arkansas GIS Data Download - Arkansas Site Selection Center", "yes" 
"Arkansas", "https://www.my.af.mil/", "AF Portal: Login Page", "yes" 
"Arkansas", "http://nces.ed.gov/programs/slds/state.asp?stateabbr=AR", "Statewide Longitudinal Data Systems Grant Program - Grantee State ...", "yes" 
"Arkansas", "http://serc.carleton.edu/NAGTWorkshops/gis/state_resources.html", "State GIS Resources - SERC", "yes" 
"Arkansas", "http://www.arktimes.com/arkansas/open-data-to-do-list-for-arkansas/Content?oid=3187218", "Open data to-do list for Arkansas | Cover Stories | Arkansas news ...", "yes" 
"Arkansas", "http://www.idrivearkansas.com/policies/acceptable-use", "Acceptable Use | Arkansas State Highway and Transportation ...", "yes" 
"Arkansas", "http://en.wikipedia.org/wiki/Portal:Arkansas", "Portal:Arkansas - Wikipedia the free encyclopedia", "no" 
"Arkansas", "http://www.paymentinitiative.org/referenceMaterials/Documents/AHCPII%20Provider%20Portal%20FAQs%204-2013.pdf", "PROVIDER PORTAL What is the provider portal? The Arkansas ...", "yes" 
"California", "https://nrm.dfg.ca.gov/", "Data Portal - State of California", "no" 
"California", "http://portal.gis.ca.gov/", "Cal-Atlas", "yes" 
"California", "https://www.data.gov/open-gov/", "Open Government | Data.gov", "yes" 
"California", "https://data.oaklandnet.com/", "City of Oakland | data.oaklandnet.com", "yes" 
"California", "http://www.cawaterquality.net/", "The California Water Quality Web Portal - hosted by the Surface ...", "yes" 
"California", "http://www.ci.pasadena.ca.us/CityGIS/Data/", "GIS Data Portal - DoIT - City of Pasadena California", "yes" 
"California", "http://www2.casas.org/dataportal/index.cfm?fuseaction=dataPortal.wia", "CASAS Data Portal", "yes" 
"California", "http://www.cdlib.org/cdlinfo/2012/07/23/portal-for-earth-science-data-exploration/", "Portal for Earth Science Data Exploration: California Digital Library", "yes" 
"California", "http://civsourceonline.com/2013/07/29/california-common-sense-launches-open-data-portal/", "California Common Sense launches open data portal | CivSource", "yes" 
"California", "http://cairweb.org/data-exchange-tech-support/", "5 Steps to Data Exchange - California Immunization Registry", "yes" 
"Colorado", "https://data.colorado.gov/", "Colorado Information Marketplace | data.colorado.govWeb Development CenterData", "yes" 
"Colorado", "http://www.colorado.gov/cs/Satellite/DOLA-Main/CBON/1251595507940", "Colorado Department of Local Affairs - GIS Maps and Data", "yes" 
"Colorado", "http://xenon.colorado.edu/portal/", "PBO H2O Data Portal : Home - Larson GPS Research Group", "yes" 
"Colorado", "http://geoid.colorado.edu/grace/dataportal.html", "CU GRACE Data Portal - Data - University of Colorado Boulder", "no" 
"Colorado", "http://www.blm.gov/wo/st/en/prog/more/Landscape_Approach/reas/dataportal.html", "REA Data Portal - Bureau of Land Management", "yes" 
"Colorado", "http://home.earthlink.net/~giswebmaster/id3.html", "Colorado's GIS Portal - Data", "yes" 
"Colorado", "http://www.socrata.com/customer-spotlight/state-of-colorado/", "State of Colorado - Socrata Inc.", "yes" 
"Connecticut", "http://ctdata.org/portals", "Portals - Connecticut Data Collaborative", "yes" 
"Connecticut", "http://ctdata.org/about", "About Us - Connecticut Data Collaborative", "yes" 
"Connecticut", "http://ctdata.org/ec", "Early Childhood Portal - Connecticut Data Collaborative", "no" 
"Connecticut", "http://ctmirror.org/qa-open-data-portal/", "Q&A: Open data portal | The CT Mirror", "yes" 
"Connecticut", "http://ctmirror.org/connecticut-plans-launch-open-data-portal/", "Connecticut plans to launch open data portal | The CT Mirror", "yes" 
"Connecticut", "http://sdeportal.ct.gov/", "State Department of Education - CEDaR - CT.gov", "yes" 
"Connecticut", "http://transparency.ct.gov/", "Connecticut Transparency Website", "yes" 
"Connecticut", "http://discovery.wcgmf.org/news/digest/early-childhood-planning-director%E2%80%99s-field-notes-and-getting-more-visibility-your", "The CT Data Portal and Early Childhood Planning Director's Field ...", "no" 
"Connecticut", "http://ctdatahaven.org/know/index.php/Following_the_Open_Data_Movement_in_Connecticut_and_Nationally", "Following the Open Data Movement in Connecticut and Nationally ...", "yes" 
"Connecticut", "http://www.ctdatahaven.org/know/images/8/87/CTDC_Fact_sheet_CCM.doc", "Connecticut doesn't use data effectively to support ... - DataHaven", "yes" 
"Delaware", "http://www.delaware.gov/data/", "State of Delaware - Topics - Open Data Portal", "yes" 
"Delaware", "http://www.dnrec.delaware.gov/Admin/DelawareWetlands/Pages/DataPortal.aspx", "Data Portal Home - Delaware Department of Natural Resources and ...", "yes" 
"Delaware", "http://www.dnrec.delaware.gov/swc/wa/Pages/WaterQualityMonitoring.aspx", "WaterQualityMonitoring - Delaware Department of Natural ...", "yes" 
"Delaware", "http://www.deos.udel.edu/odd-divas/wquality.php", "DNREC Water Quality Data Portal - Delaware Environmental ...", "yes" 
"Delaware", "http://demac.udel.edu/projects", "Projects | DEMAC - University of Delaware", "yes" 
"Delaware", "http://demac.udel.edu/projects/comprehensive-real-time-water-quality-monitoring-capability-delaware-inland-bays", "Development of a Comprehensive Real-Time Water Quality ...", "yes" 
"Delaware", "http://en.wikipedia.org/wiki/Portal:Delaware", "Portal:Delaware - Wikipedia the free encyclopedia", "no" 
"Delaware", "http://www.mcatoolkit.org/Resources/US_State_Maps/Maps_Delaware.html", "Delaware Maps - Marine Conservation Agreements", "yes" 
"Delaware", "http://delaware.newszap.com/centraldelaware/127544-70/state-gets-high-grades-for-education-data", "State gets high grades for education data - Delaware Newszap", "yes" 
"Delaware", "http://deeds.doe.k12.de.us/", "DEEDS Home Page", "yes" 
"District of Columbia", "http://data.dc.gov/", "DC Data Catalog", "yes" 
"District of Columbia", "http://dcgis.dc.gov/", "DC GIS", "yes" 
"District of Columbia", "http://brc.dc.gov/", "District of Columbia: Business Resource Center: Homepage", "yes" 
"District of Columbia", "http://en.wikipedia.org/wiki/Portal:Washington_D.C.", "Portal:Washington D.C. - Wikipedia the free encyclopedia", "yes" 
"District of Columbia", "https://gov.propertyinfo.com/dc-washington/", "DC ROD Online Public Records - Government", "yes" 
"District of Columbia", "http://www.k12.dc.us/", "Home - DC Public Schools Washington DC", "yes" 
"District of Columbia", "http://capitalbikeshare.com/system-data", "System Data | Capital Bikeshare", "yes" 
"District of Columbia", "http://www.medicaid.gov/Medicaid-CHIP-Program-Information/By-State/District-of-Columbia.html", "District of Columbia | Medicaid.gov", "yes" 
"District of Columbia", "http://developer.wmata.com/", "WMATA Developer Portal - Metro", "yes" 
"District of Columbia", "http://www.ruralhome.org/information-and-publications/events-calendar/710-wbnr-dataportal-intro", "Introducing the New Rural Data Portal - Housing Assistance Council", "yes" 
"Florida", "http://dor.myflorida.com/dor/property/resources/data.html", "Florida Property Tax Data Portal - Florida Department of Revenue", "yes" 
"Florida", "https://ww2.doh.state.fl.us/downloadnet/Main.aspx", "Health Care Practitioner Data Portal - Florida Department of Health", "yes" 
"Florida", "http://www.sfwmd.gov/portal/page/portal/levelthree/gis", "GIS - South Florida Water Management District", "yes" 
"Florida", "http://www.sfwmd.gov/portal/page/portal/xweb%20environmental%20monitoring/dbhydro%20application", "DBHYDRO (Environmental Data) - South Florida Water ...", "yes" 
"Florida", "http://www.fgdl.org/", "Florida Geographic Data Library", "yes" 
"Florida", "http://portal.nwfwmdfloodmaps.com/", "Northwest Florida Water Management Portal", "yes" 
"Florida", "http://www.floridajobs.org/office-directory/division-of-strategic-business-development/economic-development-incentives-portal", "Economic Development Incentives Portal - FloridaJobs.org", "yes" 
"Florida", "http://www2.dot.state.fl.us/TrafficSafetyWebPortal/", "Florida Traffic Safety Portal", "yes" 
"Florida", "http://www.coris.noaa.gov/portals/florida.html", "NOAA CoRIS - Regional Portal - Florida", "yes" 
"Florida", "http://www.dep.state.fl.us/air/air_data_portal/level_one_select.htm", "Air Data Portal - Florida Department of Environmental Protection", "yes" 
"Georgia", "http://gce-lter.marsci.uga.edu/portal/monitoring.htm", "Georgia Coastal Ecosystems LTER Data Portal", "yes" 
"Georgia", "http://www.city-data.com/city/Portal-Georgia.html", "Portal Georgia (GA 30450) profile: population ... - City-Data.com", "yes" 
"Georgia", "https://portal.doe.k12.ga.us/", "Portal .doe.k12.ga.us - Georgia Department of Education", "yes" 
"Georgia", "http://gaassessors.com/", "Georgia Tax Assessors - Your One Stop Portal to Assessment ...", "yes" 
"Georgia", "http://gaassessors.com/georgia-map.html", "Georgia Tax Assessors - Your One Stop Portal to Assessment ...", "yes" 
"Georgia", "http://gaassessors.com/body-p.html", "P - Georgia Tax Assessors - Your One Stop Portal to Assessment ...", "yes" 
"Georgia", "http://gaassessors.com/body-t.html", "Georgia Tax Assessors - Your One Stop Portal to Assessment ...", "yes" 
"Georgia", "http://gaassessors.com/body-c.html", "C - Georgia Tax Assessors - Your One Stop Portal to Assessment ...", "yes" 
"Georgia", "http://georgia.hometownlocator.com/ga/bulloch/portal.cfm", "Portal Georgia GA Community Profile / Bulloch County GA Data", "no" 
"Georgia", "https://communities.socrata.com/catalog/ndoch-macon/", "Middle GA National Day of Civic Hacking | Socrata Community Data ...", "yes" 
"Hawaii", "https://data.hawaii.gov/", "Open Data: HawaiiAboutpage9", "yes" 
"Hawaii", "http://www.uhero.hawaii.edu/6/data", "Data | UHERO", "yes" 
"Hawaii", "http://www.uhero.hawaii.edu/", "UHERO: Home", "yes" 
"Hawaii", "http://uhero.prognoz.com/", "UHERO Data Portal - At a Glance", "yes" 
"Hawaii", "http://www.hawaiifreepress.com/ArticlesMain/tabid/56/ID/8238/Hawaii-Open-Data-Portal-Launched.aspx", "Hawaii Open Data Portal Launched > Hawaii Free Press", "yes" 
"Hawaii", "https://portal.ehawaii.gov/page/subscriber-services/", "hawaii.gov | Subscriber Services", "yes" 
"Hawaii", "https://portal.ehawaii.gov/page/design/", "hawaii.gov | Our Design", "yes" 
"Idaho", "https://fishandgame.idaho.gov/ifwis/portal/", "Idaho Fish and Wildlife Information System | ifwis", "yes" 
"Idaho", "https://www.sde.idaho.gov/site/isee/", "Idaho State Department of Education - Idaho System for Educational ...", "yes" 
"Idaho", "http://gis.idaho.gov/portal/datamaps.html", "Data and Maps - Idaho Geospatial Office - Idaho.gov", "yes" 
"Idaho", "https://sites.google.com/a/isu.edu/epscor-data-portal-idaho", "EPSCoR Data Portal Idaho - Google Sites", "yes" 
"Idaho", "http://www.idahoepscor.org/DrawNKNSearch.aspx?PageID=261", "Data Portal - Idaho EPSCoR", "yes" 
"Idaho", "http://www.idahoepscor.org/uploads/NKN%20Cataloging%20Instructions.pdf", "Instructions for Contributing EPSCoR Data and ... - Idaho EPSCoR", "yes" 
"Idaho", "http://www.idahoepscor.org/DrawOnePage.aspx?PageID=195", "Idaho NSF EPSCoRIdaho EPSCoR Data Products", "yes" 
"Idaho", "https://www.northwestknowledge.net/", "Welcome to the Northwest Knowledge Network (NKN) | NKN Portal", "yes" 
"Idaho", "https://www.northwestknowledge.net/node/120", "Nov 11: NKN - a resource for Idaho researchers | NKN Portal", "yes" 
"Idaho", "http://www.idahoednews.org/news/state-seeking-to-solve-schoolnet-problems/", "State seeking to solve Schoolnet problems | Idaho Education News", "yes" 
"Illinois", "http://ddip.lth5.k12.il.us/", "Illinois Data Portal > Home", "yes" 
"Illinois", "https://data.illinois.gov/", "Data.Illinois.gov | Open Illinois", "yes" 
"Illinois", "https://techpresident.com/short-post/illinois-launches-open-data-portal", "Illinois Launches Open Data Portal | TechPresident", "yes" 
"Illinois", "https://datacatalog.cookcountyil.gov/", "Data | Cook County Illinois", "yes" 
"Illinois", "http://hackforchange.org/resource/state-illinois-data-portal", "State of Illinois Data Portal | National Day of Civic Hacking", "yes" 
"Illinois", "https://data.cityofchicago.org/", "Data Portal: City of Chicago", "yes" 
"Illinois", "http://www.ilcto.org/News/illlinoisdataportal", "Illlinois Data Portal - Illinois Chief Technology Officers", "yes" 
"Illinois", "http://ceedchicago.csw.uic.edu/index.php?option=com_content&view=article&id=223:illinois-data-portal&catid=76&Itemid=114", "Illinois Data Portal", "yes" 
"Illinois", "http://datacatalogs.org/dataset/state_of_illinois@2011-07-05T09%3A16%3A24.015081", "State of Illinois Data Portal - Data Catalogs - datacatalogs.org", "yes" 
"Illinois", "http://www.arcgis.com/home/item.html?id=525624aee3cb473ab119f7fcbf100649", "ArcGIS.com | Web Map - Illinois Data Portal Map Demo", "yes" 
"Indiana", "http://gis.iu.edu/", "Indiana Spatial Data Portal (ISDP) - Indiana UniversitySingle File Download InferfaceView DataDownload DataSupport & InfoISPD Multi-file Download ToolIndiana Spatial Data Portal ...", "yes" 
"Indiana", "http://www.indianamap.org/", "IndianaMAP", "yes" 
"Indiana", "http://www.indianamap.org/resources.php", "Data and Resources - IndianaMAP", "yes" 
"Indiana", "https://data.southbendin.gov/", "Open Data Portal - City of South Bend", "yes" 
"Indiana", "http://www.in.gov/gis/datashare.htm", "GIS: Data Sharing - State of Indiana", "yes" 
"Indiana", "http://www.in.gov/itp/", "Transparency: ITP - State of Indiana", "yes" 
"Indiana", "http://www.libraries.iub.edu/index.php?pageId=1002181", "Union List of Sanborn Maps - Indiana University Libraries", "yes" 
"Iowa", "http://www.idph.state.ia.us/DWH/", "IDPH Data Warehouse - Iowa Department of Public Health", "yes" 
"Iowa", "https://www.educateiowa.gov/data-reporting/iowa-education-portal-information", "Iowa Education Portal Information | Iowa Department of Education", "yes" 
"Iowa", "http://www.govtech.com/policy-management/Iowa-Voter-Data-Portal-Real-Time-View.html", "Iowa Voter Data Portal Offers Real-Time View", "yes" 
"Iowa", "https://iris.iowa.gov/", "Iowa Immunization Registry Information System .. [Portal Main Page]", "yes" 
"Iowa", "http://iconsortium.subst-abuse.uiowa.edu/webportal/data_sets.htm", "Iowa PIC Web Portal -- Data Sets", "yes" 
"Iowa", "http://www.igsb.uiowa.edu/nrgislibx/", "Welcome to the NRGIS Library - Iowa Geological and Water Survey ...", "yes" 
"Iowa", "https://www.environmental.iowadot.gov/LogIn.aspx", "(OLE) GIS Project Portal - Iowa Department of Transportation", "yes" 
"Iowa", "http://www.iowadot.gov/gis/default.htm", "Geospatial Technologies - Iowa Department of Transportation", "yes" 
"Iowa", "http://www.governing.com/news/politics/gt-iowa-voter-data-portal-with-real-time-view.html", "Iowa Counties Use Voter Data Portal With Real-Time View - Governing", "yes" 
"Iowa", "https://www.iowagisdata.org/", "Welcome to iowagisdata.org!", "yes" 
"Kansas", "https://data.kcmo.org/", "Open Data | data.kcmo.org", "yes" 
"Kansas", "http://www.ipsr.ku.edu/ksdata/ksah/portal.shtml", "Kansas Data Portal - Institute for Policy & Social Research - The ...", "yes" 
"Kansas", "http://cfakc.tumblr.com/post/48864799701/open-data-in-kansas", "Open Data in Kansas - Code for America: Team Kansas City", "yes" 
"Kansas", "https://data.mo.gov/Agriculture/Kansas-City-Farmer-s-Markets/7y25-ms5b", "Kansas City Farmer's Markets - State of Missouri Data Portal", "yes" 
"Kansas", "http://www.ksde.org/default.aspx?tabid=54", "User Log In - Kansas State Department of Education", "yes" 
"Kansas", "https://www.data.gov/open-gov/", "Open Government | Data.gov", "yes" 
"Kansas", "http://www.codeforamerica.org/cities/kansascity/", "Kansas City | Code for America", "yes" 
"Kansas", "http://www.socrata.com/blog/data-action-qa-kansas-city-missouri/", "Data in Action: Q&A with Kansas City Missouri - Socrata", "yes" 
"Kansas", "http://www.socrata.com/pages/open-data-headlines-socrata-april-2013/", "Open Data Headlines @ Socrata | April 2013 - Socrata Inc.", "yes" 
"Kansas", "http://www.kansas.gov/employee/", "State of Kansas Employee Service Center - Kansas.gov", "yes" 
"Kentucky", "http://cpe.ky.gov/info/", "Kentucky Postsecondary Education Data Portal - Council on ...", "yes" 
"Kentucky", "http://kygeonet.ky.gov/geographicexplorer/", "Kentucky Geography Network :: Geoportal", "yes" 
"Kentucky", "http://kygeonet.ky.gov/", "Kentucky Geography Network", "yes" 
"Kentucky", "http://data.louisvilleky.gov/", "Data Portal | LouisvilleKy.gov: Search & Browse Datasets and Views", "yes" 
"Kentucky", "http://kgs.uky.edu/kgsmap/KGSGeoPortal/KGSGeoPortal.asp", "KGSGeoPortal - Kentucky Geological Survey - University of Kentucky", "yes" 
"Kentucky", "http://www.uky.edu/KGS/gis/kgs_gis.html", "KGS GIS Data - University of Kentucky", "yes" 
"Kentucky", "http://data.lexingtonky.gov/", "Lexington's Open Data Portal: LexingtonKy.gov", "yes" 
"Kentucky", "http://kentucky.gov/education/Pages/default.aspx", "Kentucky.gov Education", "yes" 
"Kentucky", "http://www.kypvas.com/", "Kentucky Property Valuation Administrators - Your One Stop Portal ...", "yes" 
"Kentucky", "http://www.lanereport.com/29372/2014/02/kentucky-transportation-cabinet-launches-datamart-web-portal/", "Kentucky Transportation Cabinet launches 'DataMart' Web portal", "yes" 
"Louisiana", "http://egis3.lacounty.gov/dataportal/", "LA County GIS Data Portal - Los Angeles County Enterprise GIS", "yes" 
"Louisiana", "http://egis3.lacounty.gov/dataportal/tag/gis-data/", "GIS Data | Los Angeles County GIS Data Portal", "yes" 
"Louisiana", "http://www.socrata.com/newsroom-article/city-of-los-angeles-launches-new-open-data-portal/", "City of Los Angeles Launches New Open Data Portal - Socrata", "yes" 
"Louisiana", "http://www.esri.com/news/arcwatch/0111/feature.html", "Port of Los Angeles Unifies Operations with Data Portal - Esri", "yes" 
"Louisiana", "http://map.la.gov/", "LouisianaMap - Louisiana's Geospatial Portal-L03", "yes" 
"Louisiana", "http://www.louisianasiteselection.com/gis-data-download.aspx", "Louisiana GIS Data Download - Louisiana Site Selection Center", "yes" 
"Louisiana", "http://www.theatlanticcities.com/housing/2013/10/neighborhood-data-portal-every-city-needs/7291/", "The Neighborhood Data Portal Every City Needs - The Atlantic Cities", "yes" 
"Louisiana", "https://data.cityofchicago.org/", "Data Portal: City of Chicago", "yes" 
"Louisiana", "http://www.qpublic.net/la/Louisiana-map.html", "Louisiana Tax Assessors - Your One Stop Portal to ... - qPublic", "yes" 
"Louisiana", "https://controllerdata.lacity.org/", "Open Data: Los Angeles", "yes" 
"Maine", "https://gateway.maine.gov/cognos/cgi-bin/cognosisapi.dll?b_action=cognosViewer&ui.action=run&ui.object=%2Fcontent%2Ffolder%5B%40name%3D'CDC%20EOHP%20EPHT%20AVR'%5D%2FreportView%5B%40name%3D'Maine%20Environmental%20Public%20Health%20Tracking%20(EPHT)%20Network%20-%20Public%20Data%20Portal'%5D&cv.header=false&cv.toolbar=false", "Data Portal - Maine.gov", "yes" 
"Maine", "https://data.mainepublichealth.gov/tracking/portal-content", "About the Data Portal - Maine Center for Disease Control & Prevention", "yes" 
"Maine", "https://data.mainepublichealth.gov/tracking/home", "Your Connection to Maine Environmental Public Health Data ...", "yes" 
"Maine", "http://www.neracoos.org/realtime_map", "Real-Time Data Portal | Northeastern Regional Association of ...", "yes" 
"Maine", "http://www.gulfofmaine-census.org/data-mapping/data-and-mapping-portal/", "Data and Mapping Portal �� Gulf of Maine Census", "yes" 
"Maine", "http://www.gulfofmaine-census.org/data-mapping/", "Data & Mapping �� Gulf of Maine Census", "yes" 
"Maine", "http://www.hidinc.com/mainepmp", "Health Information Designs LLC. �� Maine PMP", "yes" 
"Maine", "http://click.portlandmaine.gov/gisportal/", "City of Portland  Maine - City of Portland GIS", "yes" 
"Maine", "http://www.nebhe.org/wp-content/uploads/Maine_Statewide_Longitudinal__Data_System.ppt", "Maine Education Data Management System - New England Board ...", "yes" 
"Maine", "http://www.mainequalitycounts.org/image_upload/Maine%20PCMH%20Pilot%20Reports%20Portals%20Summary_06.13.pdf", "Practice Report and Portal Summary - Maine Quality Counts", "yes" 
"Montana", "http://gisportal.msl.mt.gov/", "Montana GIS Portal", "yes" 
"Montana", "http://nris.mt.gov/gis/", "Montana Geographic Information Clearinghouse - Natural Resource ...", "yes" 
"Montana", "http://cadastral.mt.gov/", "Montana Cadastral Data", "yes" 
"Montana", "https://geoinfo.montanastatelibrary.org/", "Geographic Information - Montana State Library", "yes" 
"Montana", "https://geoinfo.montanastatelibrary.org/data/msdi/", "Montana Spatial Data Infrastructure (MSDI) | Geographic Information", "yes" 
"Montana", "http://geoinfo.montanastatelibrary.org/applications/", "Applications - Geographic Information - Montana State Library", "yes" 
"Montana", "http://geoinfo.montanastatelibrary.org/data/aerialphotos/", "Aerial Photographs of Montana | Geographic Information", "yes" 
"Montana", "http://geoinfo.montanastatelibrary.org/geography/water/nhd/", "Montana's National Hydrography Dataset | Geographic Information", "yes" 
"Montana", "https://itunes.apple.com/us/app/cencoos-data-portal-mobile/id443908044?mt=8", "CeNCOOS Data Portal Mobile on the App Store on iTunes", "yes" 
"Montana", "http://www.nrcs.usda.gov/wps/portal/nrcs/main/mt/snow/", "Montana Snow Survey Program - Natural Resources Conservation ...", "yes" 
"Nebraska", "http://www.northeastoceandata.org/", "Northeast Ocean Data Portal | Maps and data for ocean planning in ...", "yes" 
"Nebraska", "http://www.nebraskamap.gov/", "NebraskaMAP Nebraska GeoPortal", "yes" 
"Nebraska", "https://portal.education.ne.gov/", "Portal: Nebraska Department of Education", "yes" 
"Nebraska", "http://data.publichealthne.org/", "PHAN - Public Health Association of Nebraska", "yes" 
"Nebraska", "http://www.nebraska.gov/data.html", "Nebraska Government - State of Nebraska", "yes" 
"Nebraska", "http://www.nebraska.gov/subscriber/", "Nebraska.gov Subscriber - State of Nebraska", "yes" 
"Nebraska", "http://www.nebraska.gov/policies.html", "Security Accessibility and Privacy Policies - State of Nebraska", "yes" 
"Nebraska", "http://digitalcommons.unl.edu/cgi/viewcontent.cgi?article=1313&context=libraryscience", "geospatial data portals: librarians add expertise in the development ...", "yes" 
"Nebraska", "http://digitalcommons.unl.edu/libraryscience/297/", "GEOSPATIAL DATA PORTALS: LIBRARIANS ADD EXPERTISE IN ..."", "yes" 
"Nebraska", "http://serc.carleton.edu/NAGTWorkshops/gis/state_resources.html", "State GIS Resources - SERC", "yes" 
"Nevada", "http://sensor.nevada.edu/", "Nevada Climate Change PortalWeb CamerasNevada Climate Change Portal - Nevada System of Higher EducationContact UsExplore NevadaData ResourcesThe Project", "yes" 
"Nevada", "http://digitalscholarship.unlv.edu/cgi/viewcontent.cgi?filename=0&article=1005&context=climate_change&type=additional", "Nevada Climate Change Portal - Digital Scholarship@UNLV", "yes" 
"Nevada", "http://digitalscholarship.unlv.edu/cgi/viewcontent.cgi?article=1066&context=focs_ug_research", "Adaptation of the Nevada Climate Change Data Portal web interface ...", "yes" 
"Nevada", "http://www.diversifynevada.com/data-library", "Diversify Nevada - Data Library", "yes" 
"Nevada", "http://www.cse.unr.edu/~dascalus/ITNG2013_IG.pdf", "Web Portal Usability Tests for the Nevada Climate Change Portal", "yes" 
"Nevada", "https://bighorn.doe.nv.gov/", "Bighorn: Home", "yes" 
"Nevada", "http://www.lasvegasnevada.gov/business/", "Business (Official City of Las Vegas Web Site)", "no" 
"New Hampshire", "http://www.nh.gov/epht/ehdin/", "Environmental Health Data Portal New Hampshire ... - NH.gov", "yes" 
"New Hampshire", "https://www.nh.gov/epht/", "New Hampshire Environmental Public Health Tracking Program", "yes" 
"New Hampshire", "http://education.nh.gov/data/index.htm", "Data and Records | NH Department of Education", "yes" 
"New Hampshire", "http://www.nh.gov/epht/health/", "Health Effects New Hampshire Environmental Public ... - NH.gov", "yes" 
"New Hampshire", "http://en.wikipedia.org/wiki/Portal:New_Hampshire", "Portal:New Hampshire - Wikipedia the free encyclopedia", "yes" 
"New Hampshire", "http://www.courts.state.nh.us/e-court/", "New Hampshire Judicial Branch - AOC", "yes" 
"New Hampshire", "https://newhampshire.magellanmedicaid.com/", "State of New Hampshire | Web Portal | Main", "yes" 
"New Hampshire", "https://nhchis.com/", "New Hampshire Comprehensive Health Care Information System", "yes" 
"New Hampshire", "https://nhchis.com/NH/DataSubmission/FrequentlyAskedQuestion", "Frequently Asked Questions - New Hampshire Comprehensive ...", "yes" 
"New Hampshire", "http://www.nrcs.usda.gov/wps/portal/nrcs/main/nh/soils", "Information on New Hampshire Soils - Natural Resources ...", "yes" 
"New Jersey", "http://www.nj.gov/njbusiness/", "NJ Business Portal | Home - State of New Jersey", "no" 
"New Jersey", "https://www.njportal.com/njsp/alcotest/", "Alcotest Inquiry System - State of New Jersey", "yes" 
"New Jersey", "http://www.state.nj.us/dep/gis/", "NJDEP GIS - State of New Jersey", "yes" 
"New Jersey", "http://www.app.com/section/DATA/DataUniverse", "DataUniverse | The Asbury Park Press NJ | app.com", "yes" 
"New Jersey", "http://datamine2.state.nj.us/dep/DEP_OPRA/index2.html", "NJDEP-Dataminer-Open Public Records Act", "yes" 
"New Jersey", "http://www.mcatoolkit.org/Resources/US_State_Maps/Maps_New_Jersey.html", "New Jersey Maps - Marine Conservation Agreements", "yes" 
"New Jersey", "https://njgin.state.nj.us/", "New Jersey Geographic Information Network", "yes" 
"New Jersey", "http://newjersey.hometownlocator.com/nj/hunterdon/west-portal.cfm", "West Portal NJ - New Jersey Gazetteer", "no" 
"New Jersey", "http://www.sunviewer.net/portals/NJNG/", "New Jersey National Guard - SunViewer.net", "yes" 
"New Jersey", "http://portal.hud.gov/hudportal/HUD/states/new_jersey", "HUD in New Jersey", "yes" 
"New Mexico", "http://www.prweb.com/releases/2013/11/prweb11288761.htm", "Paladin Data Systems Announces NewMARC Portal Awarded the ...", "no" 
"New Mexico", "http://sunshineportalnm.com/", "New Mexico Sunshine Portal", "yes" 
"New Mexico", "http://landstatus.nmstatelands.org/GISDataDownLoadnew.aspx", "New Mexico State Land Office - Enterprise Data", "yes" 
"New Mexico", "http://octane.nmt.edu/", "Go Tech", "yes" 
"New Mexico", "http://www.stateintegrity.org/new_mexico_governor_susana_martinez_sunshine_portal_employee_data", "New Mexico announces overhaul of Sunshine Portal" employee data"", "yes" 
"New Mexico", "https://nmtracking.org/", "Welcome to New Mexico Environmental Public Health Tracking", "yes" 
"New Mexico", "http://nmepscor.org/", "nmepscor.org |", "yes" 
"New Mexico", "https://ibis.health.state.nm.us/resources/Injury_Portal.html", "NM-IBIS - New Mexico Injury Portal", "yes" 
"New Mexico", "http://smiley.nmsu.edu/SparcWebsite/sparcgisresources.htm", "GIS Resources - New Mexico State University", "yes" 
"New Mexico", "http://news.unm.edu/news/a-portal-for-earth-science-data-exploration", "A Portal for Earth Science Data Exploration :: The University of New ...", "yes" 
"New York", "https://nycopendata.socrata.com/", "NYC Open Data", "yes" 
"New York", "https://data.ny.gov/", "Open Data: State of New York", "yes" 
"New York", "http://www.nyc.gov/html/dcp/html/neigh_info/nhmap.shtml", "Community District Information - New York City Department of City ...", "yes" 
"New York", "http://www.nyc.gov/html/doitt/html/open/data.shtml", "DoITT - Technology & Public Service Innovation - Open Data", "yes" 
"New York", "http://www.engageny.org/portal", "EngageNY Portal | EngageNY", "yes" 
"New York", "https://data.cityofnewyork.us/browse?limitTo=datasets", "Datasets - Search & Browse | NYC Open Data", "yes" 
"New York", "https://nycbigapps.com/datasets", "NYC BigApps 2013 Data Sets", "no" 
"New York", "http://www.thenewyorkworld.com/2013/11/22/open-data/", "City agencies slow flow of data to public hub | The New York World", "yes" 
"New York", "http://nys-its.github.io/open-data-handbook/", "Open Data Handbook - New York State Office of Information ...", "yes" 
"New York", "http://www.itworld.com/big-data/401196/rats-open-data-tells-new-york-city-residents-where-vermin-are-and-aren-t", "Rats! Open data tells New York City residents where the vermin are ...", "yes" 
"North Carolina", "http://www.cgia.state.nc.us/DataResources.aspx", "NC GIS Data Resources", "yes" 
"North Carolina", "http://data.nconemap.com/", "NC OneMap GeoSpatial Portal", "yes" 
"North Carolina", "http://www.nconemap.com/", "NC OneMap > Home", "yes" 
"North Carolina", "https://www.communitycarenc.org/informatics-center/north-carolina-community-health-information-portal/", "CCNC : North Carolina Community Health Information Portal", "yes" 
"North Carolina", "http://www.raleighnc.gov/open", "Open Raleigh | raleighnc.gov - City of Raleigh", "yes" 
"North Carolina", "https://data.raleighnc.gov/", "Open Raleigh", "yes" 
"North Carolina", "http://www.nc.gov/government/stats.aspx", "NC.gov: Statistics and Research", "yes" 
"North Carolina", "http://www.unc.edu/~kapark/CURS/intro.html", "NC Cities - The University of North Carolina at Chapel Hill", "yes" 
"North Carolina", "http://www.ncdenr.gov/", "NC Dept. of Environment and Natural Resources: NCDENR", "yes" 
"North Carolina", "http://www.socrata.com/blog/raleigh-nc-wins-national-award-for-open-data-portal/", "Raleigh NC Wins National Award for Open Data Portal - Socrata", "yes" 
"North Dakota", "https://apps.nd.gov/hubdataportal", "North Dakota GIS Hub Data Portal - Job Service North Dakota", "yes" 
"North Dakota", "https://gf.nd.gov/maps/gis-hub-data-portal", "GIS Hub Data Portal | North Dakota Game and Fish", "yes" 
"North Dakota", "http://www.nd.gov/gis/", "North Dakota GIS (Geographic Information Systems)", "yes" 
"North Dakota", "http://www.nd.gov/gis/mapsdata/", "Maps and Data - State of North Dakota", "yes" 
"North Dakota", "https://apps.nd.gov/hubdataportal/srv/en/metadata.show?currTab=simple&id=137", "North Dakota GIS Hub Data Portal - Job Service North Dakota", "yes" 
"North Dakota", "https://apps.nd.gov/hubdataportal/srv/en/metadata.show?currTab=simple&id=99", "Ground and Surface Water Data - North Dakota GIS Hub Data Portal", "yes" 
"North Dakota", "https://apps.nd.gov/hubdataportal/srv/en/metadata.show?currTab=simple&id=54", "National Grasslands - North Dakota GIS Hub Data Portal - State of ...", "yes" 
"North Dakota", "https://apps.nd.gov/hubdataportal/srv/en/help", "North Dakota GIS Hub Data Portal", "yes" 
"North Dakota", "https://apps.nd.gov/hubdataportal/srv/en/metadata.show?currTab=simple&id=57", "US Army Corps of Engineers Lands - North Dakota GIS Hub Data ...", "yes" 
"North Dakota", "http://www.nd.gov/gis/mapsdata/data/extractdata/", "Finding And Obtaining Data From The GIS Hub - State of North Dakota", "yes" 
"Ohio", "http://education.ohio.gov/Topics/Data/Data-Tools-Portal/Data-Tools-Home", "Data Tools Portal - Ohio Department of Education", "yes" 
"Ohio", "http://library.osu.edu/about/departments/assessment/data-portal/", "OSUL Data Portal - Ohio State University Libraries", "yes" 
"Ohio", "http://library.osu.edu/about/data-portal/", "Data Portal - Ohio State University Libraries", "yes" 
"Ohio", "https://safe.ode.state.oh.us/portal", "SAFE Log On - Ohio Department of Education", "yes" 
"Ohio", "http://oh.portal.airast.org/OH_Alt/", "Welcome to the Ohio Alternate Assessment Portal", "yes" 
"Ohio", "http://www.noaca.org/index.aspx?page=94", "GIS Data Portal - Northeast Ohio Areawide Coordinating Agency", "yes" 
"Ohio", "http://portal.battelleforkids.org/ohio/race_to_the_Top/rtttop_value-added_services.html?sflang=en", "Ohio Student Progress Portal - Value-Added Services", "yes" 
"Ohio", "http://portal.success-ode-state-oh-us.info/", "Ohio's Statewide Testing Portal", "yes" 
"Ohio", "http://www.ohioschoolleaders.org/article/ode-data-tools-portal", "ODE Data Tools Portal | OhioSchoolLeaders.org", "yes" 
"Ohio", "https://ohiova.sas.com/", "the Ohio Value Added Login - SAS", "yes" 
"Oklahoma", "https://data.ok.gov/", "Data | State of Oklahoma", "yes" 
"Oklahoma", "http://www.socrata.com/customer-spotlight/state-of-oklahoma/", "State of Oklahoma - Socrata Inc.", "yes" 
"Oklahoma", "http://hoot.ou.edu/", "HOOT (OU) - The University of Oklahoma", "yes" 
"Oklahoma", "https://techpresident.com/blog-entry/legislative-framework-place-oklahoma-says-ok-open-data", "A Legislative Framework in Place Oklahoma Says OK to Open Data ...", "yes" 
"Oklahoma", "https://www.data.gov/open-gov/", "Open Government | Data.gov", "yes" 
"Oklahoma", "http://www.nashp.org/sites/default/files/OK.Web_.Portal.pdf", "Oklahoma's Web Portal - National Academy for State Health Policy", "yes" 
"Oklahoma", "http://www.childhealthdata.org/browse/medicalhome", "Medical Home Data Portal--Data Resource Center for Child and ...", "yes" 
"Oklahoma", "http://oklahomawatersurvey.org/d1/wp-content/uploads/2014/01/OWS_Handout.pdf", "Oklahoma Water Survey Overview and Objectives", "yes" 
"Oklahoma", "http://www.nws.noaa.gov/gis/", "NOAA's National Weather Service GIS Data Portal", "yes" 
"Oklahoma", "http://static.cybercommons.org/OklahomaWaterSurvey/ows_manual.pdf", "Oklahoma Water Survey Data Portal", "yes" 
"Oregon", "https://data.oregon.gov/", "Oregon Data | Opening Oregon's DataSearch & BrowseResults matching type of ChartsNon-ethanol", "yes" 
"Oregon", "https://epht.oregon.gov/", "Oregon Environmental Public Health Tracking", "yes" 
"Oregon", "http://www.govtech.com/e-government/Open-Data-Portal-Launched-in-Oregon.html", "Open Data Portal Launched in Oregon - Government Technology", "no" 
"Oregon", "http://www.nascio.org/awards/nominations2011/2011/2011OR9-Oregon-DAS-EGov-Data%20Oregon%20gov%20-%205.31.11.pdf", "Data.Oregon.gov -The First Citizen Social Interactive State Data Portal", "yes" 
"Oregon", "http://www.socrata.com/customer-spotlight/state-of-oregon/", "State of Oregon - Socrata Inc.", "yes" 
"Oregon", "http://www.orspdgdata.org/HomePages/LostPassword.php", "Oregon SPDG Data Portal", "no" 
"Oregon", "http://spatialdata.oregonexplorer.info/", "Oregon Spatial Data Library", "yes" 
"Maryland", "https://data.maryland.gov/", "Open Data | data.maryland.gov", "yes" 
"Maryland", "http://www.statestat.maryland.gov/", "Welcome to Maryland's StateStat", "yes" 
"Maryland", "http://imap.maryland.gov/", "Welcome to MD iMap", "yes" 
"Maryland", "http://imap.maryland.gov/Pages/data.aspx", "Data - MD iMap - Maryland.gov", "no" 
"Maryland", "http://www.socrata.com/customer-spotlight/state-of-maryland/", "State of Maryland - Socrata Inc.", "no" 
"Maryland", "http://www.capitalgazette.com/news/government/o-malley-unveils-maryland-open-data-web-portal/article_4b8c8b23-e574-5faa-a783-4ae5cd085b4d.html", "O'Malley unveils Maryland open data Web portal - Capital Gazette", "yes" 
"Maryland", "https://data.montgomerycountymd.gov/", "Montgomery County Data", "yes" 
"Maryland", "https://technical.ly/baltimore/2013/05/13/data-maryland-gov-launches/", "Data.Maryland.gov: first statewide open data portal launches ...", "yes" 
"Maryland", "http://somd.com/news/headlines/2013/16815.shtml", "State Launches data.maryland.gov Open Data Portal - Southern ...", "no" 
"Maryland", "https://www.data.gov/open-gov/", "Open Government | Data.gov", "yes" 
"Massachusetts", "http://www.mass.gov/data/", "Open data - Mass.Gov", "yes" 
"Massachusetts", "http://public.dep.state.ma.us/fish/Search.aspx?Search=Gis", "Massachusetts Fish Mercury Research Data Portal", "yes" 
"Massachusetts", "http://public.dep.state.ma.us/fish/", "Fish Mercury Monitoring Program", "yes" 
"Massachusetts", "http://matracking.ehs.state.ma.us/", "Massachusetts Environmental Public Health Tracking", "yes" 
"Massachusetts", "https://wikis.uit.tufts.edu/confluence/display/GISatTufts/Online+GIS+Data+Sources", "Online GIS Data Sources - GIS at Tufts - Confluence", "yes" 
"Massachusetts", "https://data.cityofboston.gov/", "City of Boston: Data", "yes" 
"Massachusetts", "https://data.somervillema.gov/", "City of Somerville MA", "yes" 
"Massachusetts", "http://services.massdot.state.ma.us/crashportal/", "Welcome to MassDOT Crash Portal Providing crash data and the ...", "yes" 
"Massachusetts", "http://gcmd.nasa.gov/KeywordSearch/Home.do?Portal=mop&MetadataType=0", "Welcome to the Massachusetts Ocean Partnership Metadata Portal", "yes" 
"Massachusetts", "https://gateway.edu.state.ma.us/", "Security Portal", "yes" 
"Michigan", "https://www.mischooldata.org/", "MI School DataEducation DashboardAccountability ScorecardMichigan School Data PortalDistrict DefinitionsAssessment SummaryTop to Bottom Ranking List", "yes" 
"Michigan", "http://www.michigan.gov/cepi/045467-113-58069---00.html", "CEPI - MI School Data - State of Michigan", "yes" 
"Michigan", "http://www.moisd.org/downloads/genedpdfs/mi_school_data_portal__a_tour_10142011_20111102_183502_2.pdf", "MI School Data Portal - A Tour", "no" 
"Michigan", "http://www.youtube.com/watch?v=jtPHHnavM4U", "MI School Data Portal - YouTube", "yes" 
"Michigan", "http://www.vbisd.org/Page/737", "Technology Services / MI School Data Portal", "yes" 
"Michigan", "http://focus.cenmi.org/focus-on-results/articles/mi-school-data-portal-introduces-new-features/", "MI School Data Portal Introduces New Features �� Forward Focus", "yes" 
"Michigan", "https://nces.ed.gov/programs/slds/state.asp?stateabbr=MI", "Statewide Longitudinal Data Systems Grant Program - Grantee State ...", "yes" 
"Minnesota", "http://www.state.mn.us/data/", "Skip to feature data - Minnesota open data // your portal for ...", "yes" 
"Minnesota", "https://data.mncm.org/", "Minnesota Community Measurement: Data Portal", "yes" 
"Minnesota", "http://mncm.org/submitting-data/training-and-guidance/", "Training and Guidance | MN Community Measurement", "yes" 
"Minnesota", "http://mn.gov/", "Minnesota.gov - navigate your state and find what you're looking for ...", "yes" 
"Minnesota", "https://apps.health.state.mn.us/mndata/copd", "COPD: MNPH Data Access - MN Dept. of Health", "yes" 
"Minnesota", "http://www.health.state.mn.us/macros/topics/stats.html", "Data and Statistics - Minnesota Department of Health", "yes" 
"Minnesota", "http://www.health.state.mn.us/tracking/data/index.html", "Data and Measures: MN Environmental Public Health Tracking ...", "yes" 
"Minnesota", "http://www.health.state.mn.us/tracking/", "Minnesota Environmental Public Health Tracking - Minnesota Dept ...", "yes" 
"Minnesota", "http://www.ruraldataportal.org/", "The Rural Data Portal | Welcome", "yes" 
"Minnesota", "http://cf.pca.state.mn.us/water/watershedweb/wdip/search_more.cfm", "EDA: Surface water search Text-based - Minnesota Pollution Control ...", "yes" 
"Mississippi", "http://www.gis.ms.gov/", "Mississippi Geospatial Clearinghouse", "yes" 
"Mississippi", "http://www.gis.ms.gov/Portal/detail.aspx?aspect=Elevation&realm=All&dom", "Elevation - Mississippi Geospatial Clearinghouse", "yes" 
"Mississippi", "http://swib.ms.gov/DataCenter/PublicReports/Demographics/RegionalComparison.aspx", "eDATA PORTAL:Demographics - SWIB Home - MS.gov", "yes" 
"Mississippi", "http://www.mississippisiteselection.com/gis-data-download.aspx", "Geospatial Data Download Portal - Mississippi Site Selection Center", "yes" 
"Mississippi", "http://water.usgs.gov/", "Water Resources of the United States: U.S. Geological Survey", "yes" 
"Mississippi", "http://en.wikipedia.org/wiki/Portal:Mississippi", "Portal:Mississippi - Wikipedia the free encyclopedia", "yes" 
"Mississippi", "https://cptac-data-portal.georgetown.edu/", "CPTAC Data Portal - Georgetown University", "yes" 
"Mississippi", "http://www.mississippi.edu/research/IDP_CntyEnr.html", "IHL Interactive Data Portal - Enrollment by County - Mississippi ...", "yes" 
"Mississippi", "http://www.mississippi.edu/research/IDP_Xfer.html", "IHL Interactive Data Portal - Degrees Awarded - Mississippi Board of ...", "yes" 
"Mississippi", "http://www.mississippi.edu/research/idp.html", "Interactive Data Portal - Mississippi Board of Trustees of State ...", "yes" 
"Missouri", "https://data.mo.gov/", "State of Missouri Data Portal: data.mo.govMissouri county centroid mapAdministration", "yes" 
"Missouri", "http://mcds.dese.mo.gov/", "Missouri Comprehensive Data System - Welcome", "yes" 
"Missouri", "http://www.mo.gov/", "State of Missouri Website - MO.gov", "yes" 
"Missouri", "http://blog.openmissouri.org/2012/04/04/new-state-data-portal-in-the-works/", "New state data portal in the works - Open Missouri Blog", "yes" 
"Missouri", "https://data.kcmo.org/", "Open Data | data.kcmo.org", "yes" 
"Missouri", "http://opendatastl.org/wiki/State_of_Missouri_Data_Portal", "State of Missouri Data Portal - Open Data STL", "yes" 
"Missouri", "http://thomaslevine.com/!/missouri-data-licensing/", "License-free data in Missouri's data portal - Thomas Levine", "yes" 
"Pennsylvania", "http://www.education.state.pa.us/portal/server.pt/community/data_and_statistics/7202", "Data and Statistics - Pennsylvania Department of Education", "yes" 
"Pennsylvania", "http://www.portal.state.pa.us/portal/server.pt/community/pims-pennsylvania_information_management_system/8959", "Pennsylvania Information Management System ... - Portal.state.pa.us", "yes" 
"Pennsylvania", "http://www.portal.state.pa.us/portal/server.pt/community/summaries_of_annual_financial_report_data/7673/afr_excel_data_files/509047", "AFR Data: Summary-Level - Portal.state.pa.us", "yes" 
"Pennsylvania", "http://www.portal.state.pa.us/portal/server.pt/community/pennsylvania_department_of_education/7237/p/1604316", "School Performance Profile - Portal.state.pa.us", "yes" 
"Pennsylvania", "http://www.datacommons.psu.edu/", "Data Commons homepage: Penn State's source for data sharing ...", "yes" 
"Pennsylvania", "http://www.revenue.state.pa.us/portal/server.pt/community/news___reports/11221", "News & Reports - Home - Pennsylvania Department of Revenue", "no" 
"Pennsylvania", "http://www.ncsl.org/portals/1/documents/Educ/PAEarlyChild-Stedron.pdf", "A Look at Pennsylvania's Early Childhood Data System - National ...", "yes" 
"Pennsylvania", "https://www.ieeg.org/", "International Epilepsy Electrophysiology Portal", "yes" 
"Pennsylvania", "https://ujsportal.pacourts.us/", "Pennsylvania's Unified Judicial System", "yes" 
"Pennsylvania", "http://paspread.com/af4q-data-portal/", "AF4Q Data Portal | PA SPREAD", "yes" 
"Rhode Island", "https://data.providenceri.gov/", "City of Providence: Open Data", "yes" 
"Rhode Island", "http://www.ri.gov/data/", "RI.gov: Open Data", "yes" 
"Rhode Island", "http://www.ri.gov/opengovernment/", "Transparency Portal - RI.gov", "yes" 
"Rhode Island", "https://www.providenceri.com/information-technology/open-data", "Information Technology | Open Data Project | City of Providence", "yes" 
"Rhode Island", "http://www.providenceri.com/mayor/providence-becomes-first-municipality-in-rhode-island", "Providence Becomes First Municipality in Rhode Island to Launch ...", "yes" 
"Rhode Island", "http://provplan.org/data-and-information/interactive-data-portals", "Interactive Data Portals - The Providence Plan", "yes" 
"Rhode Island", "http://nerej.com/66505", "NEREJ - Providence launches Open Data Portal available online", "yes" 
"Rhode Island", "http://thefederalhillgazette.com/7202/providence-launches-open-data-portal/", "Providence Launches Open Data Portal - Federal Hill Gazette", "yes" 
"Rhode Island", "http://ridatahub.org/about/", "RI DataHUB", "yes" 
"Rhode Island", "http://en.wikipedia.org/wiki/Portal:Rhode_Island", "Portal:Rhode Island - Wikipedia the free encyclopedia", "yes" 
"South Carolina", "http://www.gis.sc.gov/data.html", "Data - South Carolina GIS - State of South Carolina", "yes" 
"South Carolina", "https://ed.sc.gov/data/report-cards/", "Report Cards - South Carolina Department of Education", "yes" 
"South Carolina", "http://scassessors.com/body-i.html", "South Carolina Assessors - Your One Stop Portal to Assessment ...", "yes" 
"South Carolina", "http://scassessors.com/", "South Carolina Assessors - Your One Stop Portal to Assessment ...", "yes" 
"South Carolina", "http://www.qpublic.net/sc/body-a.html", "South Carolina Assessors - Your One Stop Portal to ... - qPublic", "yes" 
"South Carolina", "http://www.usehazus.com/schug/", "South Carolina HAZUS User Group (SCHUG) - USEHAZUS", "yes" 
"South Carolina", "http://www.mcatoolkit.org/Resources/US_State_Maps/Maps_South_Carolina.html", "South Carolina Maps - Marine Conservation Agreements", "yes" 
"South Carolina", "http://agency.governmentjobs.com/sc/default.cfm?&", "South Carolina - Jobs Portal Page", "yes" 
"South Carolina", "https://www.scdhhs.gov/provider", "Provider Information | SC DHHS", "yes" 
"South Carolina", "https://sc.drcedirect.com/", "DRC eDIRECT", "yes" 
"South Dakota", "http://doe.sd.gov/oats/SDAP.aspx", "South Dakota Assessment Portal - South Dakota Department of ...", "yes" 
"South Dakota", "https://doe.sd.gov/ofm/lds.aspx", "Longitudinal Data System - South Dakota Department of Education", "yes" 
"South Dakota", "http://dss.sd.gov/sdmedx/", "South Dakota Medical Assistance Portal", "yes" 
"South Dakota", "https://sdap.emetric.net/", "South Dakota Assessment Portal", "yes" 
"South Dakota", "https://apps.nd.gov/hubdataportal", "North Dakota GIS Hub Data Portal - Job Service North Dakota", "yes" 
"South Dakota", "http://serc.carleton.edu/NAGTWorkshops/gis/state_resources.html", "State GIS Resources - SERC", "yes" 
"South Dakota", "http://www.k12.sd.us/Web/Schoolwebs.htm", "K-12 School Websites - State of South Dakota K-12 Data Center", "yes" 
"South Dakota", "http://www.k12.sd.us/", "State of South Dakota K-12 Data Center: Home", "yes" 
"South Dakota", "http://www.digitalcommunities.com/articles/E-Vote-South-Dakota-Introduces-Voter-Information.html", "E-Vote: South Dakota Introduces Voter Information Portal", "no" 
"South Dakota", "http://en.wikipedia.org/wiki/Portal:South_Dakota", "Portal:South Dakota - Wikipedia the free encyclopedia", "yes" 
"Tennessee", "http://ctasgis02.psur.utk.edu/credapopulation/", "Tennessee Data Portal - The University of Tennessee Knoxville", "yes" 
"Tennessee", "http://tnmap.tn.gov/", "TNMap Portal - GIS Services -Office for Information ... - TN.gov", "yes" 
"Tennessee", "http://www.tngis.org/", "Welcome to the Tennessee GIS Spatial Data Server", "yes" 
"Tennessee", "http://www.ctas.tennessee.edu/public/web/ctas.nsf/referencematerials?readform", "CTAS Reference Materials - County Technical Assistance Service ...", "yes" 
"Tennessee", "http://www.ctas.tennessee.edu/", "County Technical Assistance Service - The University of Tennessee", "yes" 
"Tennessee", "http://www.ctas.tennessee.edu/public/web/ctas.nsf/trainingcenter?readform", "CTAS Training - County Technical Assistance Service - County ...", "yes" 
"Tennessee", "http://www.ctas.tennessee.edu/public/web/ctas.nsf/CountyOfficialsDir?readform", "County Technical Assistance Service - County Officials Directory", "yes" 
"Tennessee", "http://www.wctndevelopmentservices.org/data-portal", "Data Portal | Washington County Tennessee Development Services", "yes" 
"Tennessee", "http://health.state.tn.us/boards/Controlledsubstance/faq.shtml", "Tennessee Department of Health: Controlled Substance Database ...", "yes" 
"Tennessee", "https://titan.safety.state.tn.us/", "titan", "yes" 
"Texas", "https://data.austintexas.gov/", "Open Austin: Data.AustinTexas.gov", "yes" 
"Texas", "http://www.txhighereddata.org/reports/performance/regions/", "Regional Portal - Texas Higher Education Data", "yes" 
"Texas", "http://www.citygridmedia.com/developer/blog/city-of-austin-texas-has-an-open-data-portal/", "City of Austin Texas Has An Open Data Portal - CityGrid", "yes" 
"Texas", "https://www.pearsonaccess.com/cs/Satellite?c=Page&childpagename=Texas%2FtxPALPPALayout&cid=1175826685160&pagename=txPALPWrapper", "Welcome to the PearsonAccess Texas | Families", "yes" 
"Texas", "https://www.dshs.state.tx.us/chs/datalist.shtm", "Direct links to health-related data - Texas Department of State ...", "yes" 
"Texas", "http://www.ig.utexas.edu/sdc/", "ASP_UTIG: Academic Seismic Portal at UTIG - Institute for Geophysics", "yes" 
"Texas", "http://www.socrata.com/newsroom-article/weatherford-texas-new-open-data-portal/", "Weatherford Texas Grows Government Transparency with New ...", "yes" 
"Texas", "http://www.texas.gov/en/connect/pages/open-data.aspx", "Open Data | Texas.gov", "yes" 
"Texas", "http://www.tea.state.tx.us/index2.aspx?id=7085", "Texas Education Agency - State Waiver Types - Expedited", "yes" 
"Texas", "https://myrecord.cehd.tamu.edu/", "CEHD Student Data Portal - Texas A&M University", "yes" 
"Utah", "http://gis.utah.gov/", "The Utah Automated Geographic Reference Center: Utah Mapping ...", "yes" 
"Utah", "http://gis.utah.gov/data/", "Data | Utah Mapping Portal - The Utah Automated Geographic ...", "no" 
"Utah", "http://www.udot.utah.gov/ugate/", "UDOT Data Portal - Utah Department of Transportation - Utah.gov", "yes" 
"Utah", "http://gis.utah.gov/data/aerial-photography/", "Aerial Photography | Utah Mapping Portal", "yes" 
"Utah", "http://www.utah.gov/data/", "Utah Data - Utah.gov", "yes" 
"Utah", "http://gis.utah.gov/category/data/", "Data | Utah Mapping Portal - The Utah Automated Geographic ...", "yes" 
"Utah", "http://gis.utah.gov/data/elevation-terrain-data/", "Elevation and Terrain Data | Utah Mapping Portal", "yes" 
"Utah", "http://gis.utah.gov/data/usgs-scanned-topographic-maps-drgs/", "Download USGS Scanned Topographic Maps (DRGs) | Utah ...", "yes" 
"Utah", "http://gis.utah.gov/data/sgid-base-map-services-arcmap/", "Using SGID Base Map Services in ArcMap | Utah Mapping Portal", "yes" 
"Utah", "http://gis.utah.gov/data/utah-sgid-image-server/", "Using the Utah SGID Image Server | Utah Mapping Portal", "yes" 
"Vermont", "http://vtdigger.org/2013/12/10/free-data-portal-compares-rural-urban-poverty/", "Free data portal compares rural and urban poverty - VTDigger.org", "yes" 
"Vermont", "http://healthvermont.gov/tracking/", "Vermont Environmental Health Tracking", "yes" 
"Vermont", "http://healthvermont.gov/news/2012/040212_tracking.aspx", "Vermont Launches Environmental Public Health Tracking Web Portal", "yes" 
"Vermont", "http://blog.commongoodvt.org/2013/10/burlington-plans-to-launch-open-data-portal/", "Burlington Plans to Launch Open Data Portal | Common Good ...", "yes" 
"Vermont", "http://www.vermont.gov/portal/vermont/index.php?id=262", "Census Data - Vermont.gov", "yes" 
"Vermont", "http://www.vermont.gov/portal/vermont/index.php?id=259", "Vermont.gov - About Vermont - Resources Information and Data ...", "yes" 
"Vermont", "http://www.housingdata.org/resources/", "Vermont Housing Data: Other housing data and policy resources", "yes" 
"Vermont", "http://codeforbtv.org/events/2014/02/codeacross-btv/", "CodeAcross BTV �ۢ Code for BTV", "yes" 
"Vermont", "http://en.wikipedia.org/wiki/Portal:Vermont", "Portal:Vermont - Wikipedia the free encyclopedia", "yes" 
"Vermont", "http://www.leg.state.vt.us/statutes/fullchapter.cfm?Title=22&Chapter=016", "Chapter 16 - The Vermont Statutes Online", "yes" 
"Virginia", "http://vrhrc.org/data-portal/", "Virginia Rural Data Portal - Virginia Rural Health Resource Center", "yes" 
"Virginia", "http://gis.lib.virginia.edu/", "UVA Library Geoportal - University of Virginia", "yes" 
"Virginia", "http://www.healthlandscape.org/Community-Data-Portals.cfm", "HealthLandscape Community Data Portals", "yes" 
"Virginia", "http://wvhepcnew.wvnet.edu/index.php?option=com_content&task=view&id=104&Itemid=1", "Data Portal - West Virginia Higher Education Policy Commission", "yes" 
"Virginia", "http://www.ruraldataportal.org/", "The Rural Data Portal | Welcome", "yes" 
"Virginia", "http://www.va-srhp.org/", "Virginia's State Rural Health Plan | Home", "yes" 
"Virginia", "http://proceedings.esri.com/library/userconf/health10/docs/the_virginia_rural_health_data_portal.pdf", "The Virginia Rural Health Data Portal", "yes" 
"Virginia", "http://www.lib.vt.edu/find/gis-maps/data/statewide.html", "Statewide data (Virginia) GIS sites | University Libraries | Virginia Tech", "yes" 
"Virginia", "http://geohealthinnovations.org/wp-content/uploads/2013/07/portal_presentation_phase_II.pdf", "The Virginia Rural Health Data Portal - GeoHealth Innovations", "no" 
"Virginia", "http://www.wvrha.org/", "West Virginia Rural Health Association", "yes" 
"Washington", "http://data.dc.gov/", "Data Catalog", "yes" 
"Washington", "http://geography.wa.gov/", "Washington State Geospatial Portal: Home", "yes" 
"Washington", "http://partnersforourchildren.org/data-portal", "Data Portal | Partners for Our Children", "yes" 
"Washington", "http://www.socrata.com/customer-spotlight/state-of-washington/", "State of Washington - Socrata Inc.", "no" 
"Washington", "http://wagda.lib.washington.edu/data/geography/wa_state/", "Washington State Data - WAGDA - University of Washington", "yes" 
"Washington", "http://pocweb.cac.washington.edu/publications/exploring-child-welfare-washington-state-child-well-being-data-portal-0", "Exploring Child Welfare with the Washington State Child Well-Being ...", "no" 
"Washington", "http://wa-node.gis.washington.edu/", "Washington State Geospatial Clearinghouse", "yes" 
"Washington", "http://pocweb.cac.washington.edu/sites/default/files/publications/exploring_child_welfare_with_the__wa_state_data_portal.pdf", "Exploring Child Welfare with the WA State Data Portal", "no" 
"Washington", "https://data.seattle.gov/", "Data.Seattle.Gov | Seattle's Data Site", "yes" 
"Washington", "http://www.kingcounty.gov/operations/GIS/GISData.aspx", "King County GIS Data", "yes" 
"West Virginia", "http://wvhepcnew.wvnet.edu/index.php?option=com_content&task=view&id=104&Itemid=1", "Data Portal - West Virginia Higher Education Policy Commission", "yes" 
"West Virginia", "http://gis.wvinfrastructure.com/", "WV IJDC GIS Data Portal", "yes" 
"West Virginia", "http://www.healthlandscape.org/Community-Data-Portals.cfm", "HealthLandscape Community Data Portals", "yes" 
"West Virginia", "http://www.wvrha.org/docs/Spotlight_Portal.pdf", "West Virginia Health Data Portal (WVHDP) ���LIKE�۝ US ON FACEBOOK!", "yes" 
"West Virginia", "http://www.mapwv.gov/", "MapWV.gov", "yes" 
"West Virginia", "http://www.mapwv.gov/help-gisdata.php", "GIS Data Help - Map West Virginia Portal", "yes" 
"West Virginia", "http://www.mapwv.gov/help-webservices.php", "Web REST Services Help - Map West Virginia Portal - MapWV.gov", "yes" 
"West Virginia", "http://en.wikipedia.org/wiki/Portal:West_Virginia", "Portal:West Virginia - Wikipedia the free encyclopedia", "yes" 
"West Virginia", "http://facultyportal.cehs.wvu.edu/cils/toth", "CEHS - Faculty Portal | Toth Eva Erdosne | West Virginia University", "yes" 
"West Virginia", "http://ncahd.org/wvhealthdataportal/", "WVRHA", "yes" 
"Wisconsin", "http://relief.ersc.wisc.edu/wisconsinview/form.php", "WisconsinView Data Portal Login - University of Wisconsin-Madison", "yes" 
"Wisconsin", "http://wisconsinview.ssec.wisc.edu/imagery/", "WisconsinView", "yes" 
"Wisconsin", "http://www.wisconsinview.org/", "WisconsinView: Aerial and Satellite Imagery of Wisconsin", "yes" 
"Wisconsin", "http://wisconsinsafetydataportal.org/", "Wisconsin Safety Data Resource Portal: home", "yes" 
"Wisconsin", "https://sac.oja.wisconsin.gov/sacapps/jdp.aspx", "Wisconsin Justice Data Portal", "yes" 
"Wisconsin", "https://data.cityofmadison.com/", "City of Madison | Open Data", "yes" 
"Wisconsin", "http://wisedash.dpi.wi.gov/", "Dashboard Portal Home - Wisconsin.gov", "yes" 
"Wisconsin", "http://wise.dpi.wi.gov/wisedash", "WISEdash Public Portal | Wisconsin Information System for ...", "yes" 
"Wisconsin", "http://dpi.wi.gov/files/eis/pdf/dpinr2013_145.pdf", "WISEdash Public Portal expands access to school data - Wisconsin ...", "yes" 
"Wisconsin", "http://wise.dpi.wi.gov/", "Welcome to the Wisconsin Information System for Education (WISE ...", "yes" 
"Wyoming", "http://wygl.wygisc.org/", "Wyoming GeoLibrary", "yes" 
"Wyoming", "http://www.uwyo.edu/wygisc/", "WyGISC Home - University of Wyoming", "no" 
"Wyoming", "http://ets.wyo.gov/Inside-ETS/gis-enterprise-architecture/map-portal", "State Agency Map Portal - ETS: Wyoming Department of Enterprise ...", "yes" 
"Wyoming", "http://portals.edu.wyoming.gov/WISE", "Wise - Wyoming Department of Education - Fusion", "yes" 
"Wyoming", "http://www.nrcs.usda.gov/wps/portal/nrcs/main/wy/technical/dma/gis/", "GIS | NRCS", "yes" 
"Wyoming", "http://libguides.colostate.edu/content.php?pid=45941&sid=340817", "Data - Colorado & Wyoming - GIS (Geographic Information Systems ...", "no" 
"Wyoming", "http://www.wyoming.com/pid/9/My-Account.aspx", "Wyoming.com Customer Portal", "no" 
"Wyoming", "http://en.wikipedia.org/wiki/Portal:Wyoming", "Portal:Wyoming - Wikipedia the free encyclopedia", "no" 
"Wyoming", "http://serc.carleton.edu/NAGTWorkshops/gis/state_resources.html", "State GIS Resources - SERC", "yes" 
"Wyoming", "http://www.wyedu.ets.org/", "Wyoming Statewide Assessments", "no" 